-- MySQL dump 10.13  Distrib 5.7.17, for macos10.12 (x86_64)
--
-- Host: localhost    Database: facilities
-- ------------------------------------------------------
-- Server version	5.7.17

/*!40101 SET @OLD_CHARACTER_SET_CLIENT=@@CHARACTER_SET_CLIENT */;
/*!40101 SET @OLD_CHARACTER_SET_RESULTS=@@CHARACTER_SET_RESULTS */;
/*!40101 SET @OLD_COLLATION_CONNECTION=@@COLLATION_CONNECTION */;
/*!40101 SET NAMES utf8 */;
/*!40103 SET @OLD_TIME_ZONE=@@TIME_ZONE */;
/*!40103 SET TIME_ZONE='+00:00' */;
/*!40014 SET @OLD_UNIQUE_CHECKS=@@UNIQUE_CHECKS, UNIQUE_CHECKS=0 */;
/*!40014 SET @OLD_FOREIGN_KEY_CHECKS=@@FOREIGN_KEY_CHECKS, FOREIGN_KEY_CHECKS=0 */;
/*!40101 SET @OLD_SQL_MODE=@@SQL_MODE, SQL_MODE='NO_AUTO_VALUE_ON_ZERO' */;
/*!40111 SET @OLD_SQL_NOTES=@@SQL_NOTES, SQL_NOTES=0 */;

--
-- Table structure for table `hk_inventory`
--

DROP TABLE IF EXISTS `hk_inventory`;
/*!40101 SET @saved_cs_client     = @@character_set_client */;
/*!40101 SET character_set_client = utf8 */;
CREATE TABLE `hk_inventory` (
  `invoicedate` date DEFAULT NULL,
  `ordernumber` varchar(100) DEFAULT NULL,
  `location` varchar(1) DEFAULT NULL,
  `item` varchar(100) DEFAULT NULL,
  `itemnumber` varchar(100) DEFAULT NULL,
  `price` decimal(8,2) DEFAULT NULL,
  `quantity` int(11) DEFAULT NULL,
  `supplier` varchar(100) DEFAULT NULL,
  `invoice` varchar(100) DEFAULT NULL
) ENGINE=InnoDB DEFAULT CHARSET=latin1;
/*!40101 SET character_set_client = @saved_cs_client */;

--
-- Dumping data for table `hk_inventory`
--

LOCK TABLES `hk_inventory` WRITE;
/*!40000 ALTER TABLE `hk_inventory` DISABLE KEYS */;
INSERT INTO `hk_inventory` VALUES ('2016-12-08','2926928-001','U','SWELL STAINLESS STEEL POLISH','S3336006',31.87,4,'IMPERIAL','3073209'),('2016-12-09','2926928-002','U','PALMLIVE AUTO DISHWSHNG GEL','.CPC42706',34.20,3,'IMPERIAL','3076200'),('2016-12-09','2926928-002','U','COBWEB DUSTER','UNGCOBW0',9.70,6,'IMPERIAL','3076200'),('2016-12-09','2926928-002','U','MICROFIBR CLTH 4GLASS BLU 12-','Q630BLU',58.90,6,'IMPERIAL','3076200'),('2016-12-09','2926928-002','U','REFILL DUSTERS, LIGHT BLUE','21459',37.60,10,'IMPERIAL','3076200'),('2016-12-21','2966470-000','L','SPARTAN ISHINE FINISH','4055/5',90.85,2,'IMPERIAL','3100298'),('2016-12-21','2966470-000','L','20\" 3M BLACK PADS THICK LINE 5','20BLPAD',29.25,2,'IMPERIAL','3100298'),('2016-12-21','2966470-000','L','GLOVE LARGE LIGHT WT NITRILE','FDN203',60.95,1,'IMPERIAL','3100298'),('2016-12-21','2966470-000','L','GLOVE XL LIGHT WT NITRILE','FDN204',60.95,1,'IMPERIAL','3100298'),('2016-12-21','2966470-000','L','GLOVE MED LIGHT WT NITRILE','FDN202',60.95,1,'IMPERIAL','3100298'),('2016-12-21','2966470-000','L','GALLON BLEACH','GLBLEACH',10.60,1,'IMPERIAL','3100298'),('2016-12-21','2966470-000','L','22X16X58 CLEAR 100/CS','SDI221658',39.45,3,'IMPERIAL','3100298'),('2017-01-18','3015848-000','L','2PLY NORTH RIVER TOWEL','G4073A1',25.55,10,'IMPERIAL','3148120'),('2017-01-18','3015848-000','L','2 PLY FULL SIZE JUMBO TISSUE','APM-700',21.77,12,'IMPERIAL','3148120'),('2017-01-18','3015848-000','L','CAPTIVA FACIAL TISSUE 100/BX','10422',14.00,6,'IMPERIAL','3148120'),('2017-01-18','3015848-000','L','22X16X58 CLEAR 100/CS','SDI221658',39.45,10,'IMPERIAL','3148120'),('2017-01-18','3015848-000','L','40X48 45GAL NATURAL LINER','R4048N16',23.65,6,'IMPERIAL','3148120'),('2017-01-18','3015848-000','L','214874 MR.CLEAN MAGIC ERASER','214874',26.65,10,'IMPERIAL','3148120'),('2017-01-18','3015848-000','L','CAREFREE GLOVE VINYL MED','64V3000PFM',22.20,8,'IMPERIAL','3148120'),('2017-01-18','3015848-000','L','38OZ LMN DAWN DISH DET 8-','38LMDAWN',40.28,1,'IMPERIAL','3148120'),('2017-01-18','3015848-000','L','\"MM\" VAC FILTER BAGS 3/PK','153MMVAC',3.77,20,'IMPERIAL','3148120'),('2017-01-18','3015848-000','L','100431 PRO TEAM PAPER FILTER','100431',12.90,30,'IMPERIAL','3148120'),('2017-01-18','3015848-000','L','1GAL STYLE ANTIBACTERIAL SOAP','1LIQDIAL',47.80,1,'IMPERIAL','3148120'),('2017-01-18','3015848-000','L','DEB AZURE FOAM SOAP 6/CS.','AZU1L',38.35,6,'IMPERIAL','3148120'),('2017-01-18','3015848-000','L','SWELL STAINLESS STEEL POLISH','S3336006',31.87,2,'IMPERIAL','3148120'),('2017-01-18','3015848-000','L','1GAL CLEAN BY PEROXY','0035',62.35,2,'IMPERIAL','3148120'),('2017-01-18','3015848-000','L','MURPHY OIL SOAP 4/1 GAL','4MURPHY',64.50,3,'IMPERIAL','3148120'),('2017-01-18','3015848-000','L','H236 GRIPPER MOP HANDLE','OCH236',19.70,3,'IMPERIAL','3148120'),('2017-01-20','3015848-001','L','REFILL DUSTERS, LIGHT BLUE','21459',37.60,6,'IMPERIAL','3155473'),('2017-01-20','3015848-001','L','82074 SWIFFER DUSTER EXT AND','OC82074',57.45,1,'IMPERIAL','3155473'),('2017-01-23','3027470-000','U','CAPTIVA FACIAL TISSUE 100/BX','10422',14.00,25,'IMPERIAL','3158537'),('2017-01-23','3027470-000','U','4064 2PLY BATH TISS 96/500 (G)','4064',37.09,25,'IMPERIAL','3158537'),('2017-01-23','3027470-000','U','2PLY NORTH RIVER TOWEL','G4073A1',25.55,20,'IMPERIAL','3158537'),('2017-01-23','3027470-000','U','48500 BW BLEACHED MULTIFOLD','BW485',26.75,50,'IMPERIAL','3158537'),('2017-01-23','3027470-000','U','24X33 6 MIC NATURAL LINER','R2433N6',14.90,6,'IMPERIAL','3158537'),('2017-01-23','3027470-000','U','40X48 45GAL NATURAL LINER','R4048N16',23.65,6,'IMPERIAL','3158537'),('2017-01-23','3027470-000','U','22X16X58 CLEAR 100/CS','SDI221658',39.45,15,'IMPERIAL','3158537'),('2017-01-23','3027470-000','U','2291 COMET CON CLNR&BLCH GL 3-','2291CMT',55.66,8,'IMPERIAL','3158537'),('2017-01-23','3027470-000','U','1GAL CLEAN BY PEROXY','0035',62.35,3,'IMPERIAL','3158537'),('2017-01-23','3027470-000','U','1GAL STYLE ANTIBACTERIAL SOAP','1LIQDIAL',47.80,3,'IMPERIAL','3158537'),('2017-01-23','3027470-000','U','214874 MR.CLEAN MAGIC ERASER','214874',26.65,10,'IMPERIAL','3158537'),('2017-01-23','3027470-000','U','38OZ LMN DAWN DISH DET 8-','38LMDAWN',40.28,3,'IMPERIAL','3158537'),('2017-01-23','3027470-000','U','SCRUB / SPONGE 6.6X3.25 20-','PAD174',15.15,3,'IMPERIAL','3158537'),('2017-01-23','3027470-000','U','CAREFREE GLOVE VINYL LG','64V3000PFL',22.20,2,'IMPERIAL','3158537'),('2017-01-23','3027470-000','U','CAREFREE GLOVE VINYL MED','64V3000PFM',22.20,4,'IMPERIAL','3158537'),('2017-01-23','3027470-000','U','GALLON BLEACH','GLBLEACH',10.60,1,'IMPERIAL','3158537'),('2017-01-23','3027470-000','U','SPARTAN LIQ LAUNDRY HE DET','1LAUNDET',61.21,2,'IMPERIAL','3158537'),('2017-01-23','3027470-000','U','SWELL STAINLESS STEEL POLISH','S3336006',31.87,1,'IMPERIAL','3158537'),('2017-01-23','3027470-000','U','100431 PRO TEAM PAPER FILTER','100431',12.90,30,'IMPERIAL','3158537'),('2017-01-23','3027470-000','U','13OZ GLADE HAWAIIAN BREEZE','GLADECG13',33.25,1,'IMPERIAL','3158537'),('2017-01-23','3027470-000','U','CAREFREE 18OZ GOODBYE GRAFFITI','BVAN14',47.20,1,'IMPERIAL','3158537'),('2017-01-24','3027470-001','U','REFILL DUSTERS, LIGHT BLUE','21459',37.60,10,'IMPERIAL','3160760'),('2017-01-27','3027470-002','U','3028 RTU LIQ WOOD POLISH','32WDPLSH',53.56,4,'IMPERIAL','3169378'),('2017-03-02','3041962-000','L','5 X18 DUST MOP HEAD BLUE','53318',10.35,3,'IMPERIAL','3236791'),('2017-03-02','3041962-000','L','5 X24 DUST MOP HEAD BLUE','53324',15.10,10,'IMPERIAL','3236791'),('2017-03-02','3041962-000','L','5 X36 DUST MOP HEAD BLUE','53336',19.05,10,'IMPERIAL','3236791'),('2017-03-02','3041962-000','L','5 X36 DUST MOP HEAD BLUE','53348',23.85,4,'IMPERIAL','3236791'),('2017-03-30','3166148-000','U','4064 2PLY BATH TISS 96/500 (G)','4064',37.09,25,'IMPERIAL','3291208'),('2017-03-30','3166148-000','U','CASCADES PRO TOWEL 2PLY','G4073A1',25.55,15,'IMPERIAL','3291208'),('2017-03-30','3166148-000','U','CAPTIVA FACIAL TISSUE 100/BX','10422',14.00,25,'IMPERIAL','3291208'),('2017-03-30','3166148-000','U','48500 BW BLEACHED MULTIFOLD','BW485',26.75,50,'IMPERIAL','3291208'),('2017-03-30','3166148-000','U','24X33 6 MIC NATURAL LINER','R2433N6',14.90,10,'IMPERIAL','3291208'),('2017-03-30','3166148-000','U','40X48 45GAL NATURAL LINER','R4048N16',23.65,10,'IMPERIAL','3291208'),('2017-03-30','3166148-000','U','22X16X58 CLEAR 100/CS','SDI221658',39.45,15,'IMPERIAL','3291208'),('2017-03-30','3166148-000','U','2291 COMET CON CLNR&BLCH GL 3-','2291CMT',55.66,6,'IMPERIAL','3291208'),('2017-03-30','3166148-000','U','1GAL CLEAN BY PEROXY','0035',62.35,3,'IMPERIAL','3291208'),('2017-03-30','3166148-000','U','1GAL STYLE ANTIBACTERIAL SOAP','1LIQDIAL',47.80,3,'IMPERIAL','3291208'),('2017-03-30','3166148-000','U','214874 MR.CLEAN MAGIC ERASER','214874',26.65,10,'IMPERIAL','3291208'),('2017-03-30','3166148-000','U','38OZ LMN DAWN DISH DET 8-','38LMDAWN',40.28,4,'IMPERIAL','3291208'),('2017-03-30','3166148-000','U','SCRUB / SPONGE 6.6X3.25 20-','PAD174',15.15,3,'IMPERIAL','3291208'),('2017-03-30','3166148-000','U','CAREFREE GLOVE VINYL LG','64V3000PFL',22.20,2,'IMPERIAL','3291208'),('2017-03-30','3166148-000','U','CAREFREE GLOVE VINYL MED','64V3000PFM',22.20,4,'IMPERIAL','3291208'),('2017-03-30','3166148-000','U','GALLON BLEACH','GLBLEACH',10.60,1,'IMPERIAL','3291208'),('2017-03-30','3166148-000','U','MURPHY OIL SOAP 4/1 GAL','4MURPHY',64.50,3,'IMPERIAL','3291208'),('2017-03-30','3166148-000','U','SWELL STAINLESS STEEL POLISH','S3336006',31.87,1,'IMPERIAL','3291208'),('2017-03-30','3166148-000','U','BLUE MOP LARGE LOOP END','97157B',6.65,12,'IMPERIAL','3291208'),('2017-03-30','3166148-000','U','CAREFREE 18OZ GOODBYE GRAFFITI','BVAN14',47.20,1,'IMPERIAL','3291208'),('2017-03-30','3169323-000','U','M253 FRAME DUST MOP','SN524',3.64,3,'IMPERIAL','3291333'),('2017-04-04','3166148-001','U','PALMLIVE AUTO DISHWSHNG GEL','.CPC42706',34.20,4,'IMPERIAL','3299579'),('2017-04-04','3166148-001','U','REFILL DUSTERS, LIGHT BLUE','21459',37.60,10,'IMPERIAL','3299579'),('2017-04-04','3174288-000','U','CAPTIVA FACIAL TISSUE 100/BX','10422',14.00,25,'IMPERIAL','3299580'),('2017-04-04','3174288-000','U','CASCADES PRO TOWEL 2PLY','G4073A1',25.55,25,'IMPERIAL','3299580'),('2017-04-04','3174288-000','U','24X33 6 MIC NATURAL LINER','R2433N6',15.85,10,'IMPERIAL','3299580'),('2017-04-04','3174288-000','U','40X48 45GAL NATURAL LINER','R4048N16',25.16,10,'IMPERIAL','3299580'),('2017-04-04','3174288-000','U','22X16X58 CLEAR 100/CS','SDI221658',41.97,15,'IMPERIAL','3299580'),('2017-04-04','3174288-000','U','COMET ALL PURP CLEANER','2291CMT',55.66,8,'IMPERIAL','3299580'),('2017-04-04','3174288-000','U','CLEAN BY PEROXY ALL PURP','0035',62.35,4,'IMPERIAL','3299580'),('2017-04-04','3174288-000','U','OVEN & GRILL CLEANER AERO','EP1307',25.00,4,'IMPERIAL','3299580'),('2017-04-04','3174288-000','U','SWELL STAINLESS STEEL POLISH','S3336006',31.87,4,'IMPERIAL','3299580'),('2017-04-04','3174288-000','U','MURPHY OIL SOAP GAL','4MURPHY',64.50,3,'IMPERIAL','3299580'),('2017-04-04','3174288-000','U','STYLE HAND SOAP LIQ GAL','1LIQDIAL',50.64,3,'IMPERIAL','3299580'),('2017-04-04','3174288-000','U','214874 MR.CLEAN MAGIC ERASER','214874',26.65,10,'IMPERIAL','3299580'),('2017-04-04','3174288-000','U','DAWN DISH DETERGENT LEMON','38LMDAWN',40.28,4,'IMPERIAL','3299580'),('2017-04-04','3174288-000','U','SCRUB / SPONGE 6.6X3.25 20-','PAD174',15.15,4,'IMPERIAL','3299580'),('2017-04-04','3174288-000','U','CAREFREE GLOVE VINYL LG','64V3000PFL',22.20,3,'IMPERIAL','3299580'),('2017-04-04','3174288-000','U','CAREFREE GLOVE VINYL MED','64V3000PFM',22.20,3,'IMPERIAL','3299580'),('2017-04-04','3174288-000','U','PROTEAM PAPER FILTER','100431',12.90,20,'IMPERIAL','3299580'),('2017-04-04','3174288-000','U','MM BAG FILTER','153MMVAC',3.77,20,'IMPERIAL','3299580'),('2017-04-04','3174288-000','U','MAXICLEAN MOP BLUE LOOP END LG','97157B',6.65,12,'IMPERIAL','3299580'),('2017-04-04','3174288-000','U','GRIPPER MOP HANDLE ALUM','OCH236',19.70,5,'IMPERIAL','3299580'),('2017-04-06','3166148-002','U','2291 COMET CON CLNR&BLCH GL 3-','2291CMT',55.66,2,'IMPERIAL','3305991'),('2017-04-06','3169323-001','U','HANDLE DUST MOP SNAP ON','SNSTK',7.54,12,'IMPERIAL','3305992'),('2017-04-07','3174288-001','U','PALMOLIVE AUTO GEL DISHWASH','.CPC42706',64.20,4,'IMPERIAL','3309196'),('2017-04-07','3174288-001','U','MICROFIBR CLTH 4GLASS BLU 12-','Q630BLU',58.90,6,'IMPERIAL','3309196'),('2017-04-07','3174288-001','U','REFILL DUSTERS, LIGHT BLUE','21459',37.60,10,'IMPERIAL','3309196'),('2017-04-11','3174288-002','U','4064 2PLY BATH TISS 96/500 (G)','4064',37.09,20,'IMPERIAL','3315276'),('2016-12-06','2926928-000','U','4064 2PLY BATH TISS 96/500 (G)','4064',36.00,25,'IMPERIAL','3066466'),('2016-12-06','2926928-000','U','2PLY NORTH RIVER TOWEL','G4073A1',24.81,25,'IMPERIAL','3066466'),('2016-12-06','2926928-000','U','CAPTIVA FACIAL TISSUE 100/BX','10422',14.00,20,'IMPERIAL','3066466'),('2016-12-06','2926928-000','U','24X33 6 MIC NATURAL LINER','R2433N6',14.90,10,'IMPERIAL','3066466'),('2016-12-06','2926928-000','U','40X48 45GAL NATURAL LINER','R4048N16',23.65,15,'IMPERIAL','3066466'),('2016-12-06','2926928-000','U','22X16X58 CLEAR 100/CS','SDI221658',39.45,20,'IMPERIAL','3066466'),('2016-12-06','2926928-000','U','2291 COMET CON CLNR&BLCH GL 3-','2291CMT',55.66,8,'IMPERIAL','3066466'),('2016-12-06','2926928-000','U','1GAL CLEAN BY PEROXY','0035',62.35,4,'IMPERIAL','3066466'),('2016-12-06','2926928-000','U','OVEN & GRILL CLEANER AERSOL','EP1307',25.00,4,'IMPERIAL','3066466'),('2016-12-06','2926928-000','U','MURPHY OIL SOAP 4/1 GAL','4MURPHY',64.50,2,'IMPERIAL','3066466'),('2016-12-06','2926928-000','U','1GAL STYLE ANTIBACTERIAL SOAP','1LIQDIAL',47.80,3,'IMPERIAL','3066466'),('2016-12-06','2926928-000','U','214874 MR.CLEAN MAGIC ERASER','214874',26.65,10,'IMPERIAL','3066466'),('2016-12-06','2926928-000','U','38OZ LMN DAWN DISH DET 8-','38LMDAWN',40.28,3,'IMPERIAL','3066466'),('2016-12-06','2926928-000','U','SCRUB / SPONGE 6.6X3.25 20-','PAD174',15.15,2,'IMPERIAL','3066466'),('2016-12-06','2926928-000','U','CAREFREE GLOVES LARGE VINYL','64V3000PFL',22.20,3,'IMPERIAL','3066466'),('2016-12-06','2926928-000','U','CAREFREE GLOVES MEDIUM VINYL','64V3000PFM',22.20,3,'IMPERIAL','3066466'),('2016-12-06','2926928-000','U','100431 PRO TEAM PAPER FILTER','100431',12.90,40,'IMPERIAL','3066466'),('2016-11-02','2858050-001','U','REFILL DUSTERS, LIGHT BLUE','21459',37.60,10,'IMPERIAL','2999433'),('2016-11-02','2858050-001','U','MICROFIBR CLTH 4GLASS BLU 12-','Q630BLU',58.90,6,'IMPERIAL','2999433'),('2016-11-01','2858050-000','U','4064 2PLY BATH TISS 96/500 (G)','4064',36.00,25,'IMPERIAL','2996420'),('2016-11-01','2858050-000','U','2PLY NORTH RIVER TOWEL','G4073A1',24.81,15,'IMPERIAL','2996420'),('2016-11-01','2858050-000','U','CAPTIVA FACIAL TISSUE 100/BX','10422',14.00,25,'IMPERIAL','2996420'),('2016-11-01','2858050-000','U','48500 BW BLEACHED MULTIFOLD','BW485',26.75,40,'IMPERIAL','2996420'),('2016-11-01','2858050-000','U','24X33 6 MIC NATURAL LINER','R2433N6',14.90,10,'IMPERIAL','2996420'),('2016-11-01','2858050-000','U','40X48 45GAL NATURAL LINER','R4048N16',23.65,15,'IMPERIAL','2996420'),('2016-11-01','2858050-000','U','22X16X58 CLEAR 100/CS','SDI221658',37.07,15,'IMPERIAL','2996420'),('2016-11-01','2858050-000','U','2291 COMET CON CLNR&BLCH GL 3-','2291CMT',55.66,8,'IMPERIAL','2996420'),('2016-11-01','2858050-000','U','1GAL CLEAN BY PEROXY','0035',62.35,3,'IMPERIAL','2996420'),('2016-11-01','2858050-000','U','80790 16OZ LIQ DIAL W/PUMP 12-','16LQDIAL',50.08,2,'IMPERIAL','2996420'),('2016-11-01','2858050-000','U','1GAL STYLE ANTIBACTERIAL SOAP','1LIQDIAL',47.80,2,'IMPERIAL','2996420'),('2016-11-01','2858050-000','U','214874 MR.CLEAN MAGIC ERASER','214874',26.65,10,'IMPERIAL','2996420'),('2016-11-01','2858050-000','U','38OZ LMN DAWN DISH DET 8-','38LMDAWN',40.28,3,'IMPERIAL','2996420'),('2016-11-01','2858050-000','U','SCRUB / SPONGE 6.6X3.25 20-','PAD174',15.15,3,'IMPERIAL','2996420'),('2016-11-01','2858050-000','U','CAREFREE GLOVES LARGE VINYL','64V3000PFL',22.20,2,'IMPERIAL','2996420'),('2016-11-01','2858050-000','U','CAREFREE GLOVES MEDIUM VINYL','64V3000PFM',22.20,3,'IMPERIAL','2996420'),('2016-11-01','2858050-000','U','100431 PRO TEAM PAPER FILTER','100431',12.90,30,'IMPERIAL','2996420'),('2016-11-01','2858050-000','U','RTU BIORENEW GLASS CLNR QT 12-','32BIOGLS',32.70,1,'IMPERIAL','2996420'),('2016-11-01','2858050-000','U','Q410 RM 18\" WET PADS GREEN','OCQ410CS',121.75,1,'IMPERIAL','2996420'),('2016-10-05','2793621-000','U','PROTEAM SUPR QTR VACUUM HEPA 1','OC107118',360.78,2,'IMPERIAL','2942901'),('2016-10-05','2793621-000','U','REFILL DUSTERS, LIGHT BLUE','21459',37.60,12,'IMPERIAL','2942901'),('2016-09-19','2763257-001','U','2291 COMET CON CLNR&BLCH GL 3-','2291CMT',54.10,1,'IMPERIAL','2909366'),('2016-09-19','2763257-001','U','PALMLIVE AUTO DISHWSHNG GEL','.CPC42706',34.20,3,'IMPERIAL','2909366'),('2016-09-19','2763257-001','U','918 10\" FLOOR BRUSH TOOL','918',10.00,12,'IMPERIAL','2909366'),('2016-09-19','2763257-001','U','MIGHTY MITE CANISTER VAC 1-','EUR3670',93.28,2,'IMPERIAL','2909366'),('2016-09-15','2763257-000','U','4064 2PLY BATH TISS 96/500 (G)','4064',36.00,10,'IMPERIAL','2902921'),('2016-09-15','2763257-000','U','2PLY NORTH RIVER TOWEL','G4073A1',24.81,10,'IMPERIAL','2902921'),('2016-09-15','2763257-000','U','CAPTIVA FACIAL TISSUE 100/BX','10422',17.40,15,'IMPERIAL','2902921'),('2016-09-15','2763257-000','U','48500 BW BLEACHED MULTIFOLD','BW485',26.75,20,'IMPERIAL','2902921'),('2016-09-15','2763257-000','U','22X16X58 CLEAR 100/CS','SDI221658',37.07,15,'IMPERIAL','2902921'),('2016-09-15','2763257-000','U','24X33 6 MIC NATURAL LINER','R2433N6',14.90,10,'IMPERIAL','2902921'),('2016-09-15','2763257-000','U','40X48 45GAL NATURAL LINER','R4048N16',23.65,15,'IMPERIAL','2902921'),('2016-09-15','2763257-000','U','2291 COMET CON CLNR&BLCH GL 3-','2291CMT',54.10,7,'IMPERIAL','2902921'),('2016-09-15','2763257-000','U','80790 16OZ LIQ DIAL W/PUMP 12-','16LQDIAL',50.08,2,'IMPERIAL','2902921'),('2016-09-15','2763257-000','U','214874 MR.CLEAN MAGIC ERASER','214874',26.65,10,'IMPERIAL','2902921'),('2016-09-15','2763257-000','U','38OZ LMN DAWN DISH DET 8-','38LMDAWN',39.15,3,'IMPERIAL','2902921'),('2016-09-15','2763257-000','U','100431 PRO TEAM PAPER FILTER','100431',12.90,30,'IMPERIAL','2902921'),('2016-09-15','2763257-000','U','GALLON BLEACH','GLBLEACH',10.60,1,'IMPERIAL','2902921'),('2016-09-15','2763257-000','U','SCRUB / SPONGE 6.6X3.25 20-','PAD174',15.15,3,'IMPERIAL','2902921'),('2016-09-15','2763257-000','U','H236 GRIPPER MOP HANDLE','OCH236',18.95,2,'IMPERIAL','2902921'),('2016-09-15','2763257-000','U','Q750 58\" QUICK CONNECT HANDLE','OCQ750',15.04,2,'IMPERIAL','2902921'),('2016-09-15','2763257-000','U','Q560 18\" QUICK CONNECT WET/DRY','Q560',16.95,2,'IMPERIAL','2902921'),('2016-08-24','2718509-000','L','SWIFFER DUSTERS REFILL 60-','PGC-41767',55.20,5,'IMPERIAL','2861386'),('2016-08-11','2694789-000','L','SPARTAN ISHINE FINISH','4055/5',90.85,2,'IMPERIAL','2838454'),('2016-08-11','2694789-000','L','20\" 3M GREEN PADS TOPLINE 5/CS','OC20GREENPAD',33.40,2,'IMPERIAL','2838454'),('2016-08-11','2694789-000','L','20\" 3M BLACK PADS THICK LINE 5','20BLPAD',29.25,1,'IMPERIAL','2838454'),('2016-08-11','2694789-000','L','20\" 3M WHITE PADS 51 LINE 5','20WTPAD',29.00,2,'IMPERIAL','2838454'),('2016-08-11','2694789-000','L','DAMP MOP NEUTRAL FLOOR CLEANER','4DM',34.35,1,'IMPERIAL','2838454'),('2016-08-11','2694789-000','L','35QT MOP BUCKET','OC3353YW',37.05,1,'IMPERIAL','2838454'),('2016-08-11','2694789-000','L','SNAPON HANDLE FOR DUST MOP','SNSTK',6.25,2,'IMPERIAL','2838454'),('2016-08-11','2694789-000','L','M8715 SCRUBBLES BLUE/WHITE','M8715',88.50,1,'IMPERIAL','2838454'),('2016-07-21','2652690-000','L','GLOVE LARGE LIGHT WT NITRILE','FDN203',60.95,2,'IMPERIAL','2798371'),('2016-07-21','2652690-000','L','GLOVE XL LIGHT WT NITRILE','FDN204',60.95,3,'IMPERIAL','2798371'),('2016-07-21','2652690-000','L','GLOVE MED LIGHT WT NITRILE','FDN202',60.95,2,'IMPERIAL','2798371'),('2016-07-21','2652690-000','L','22X16X58 CLEAR 100/CS','SDI221658',37.07,5,'IMPERIAL','2798371'),('2016-07-20','2630197-002','U','3028 RTU LIQ WOOD POLISH','32WDPLSH',53.56,4,'IMPERIAL','2795720'),('2016-07-15','2630170-001','L','SWIFFER DUSTERS REFILL 60-','PGC-41767',55.20,6,'IMPERIAL','2787470'),('2016-07-15','2630170-001','U','2291 COMET CON CLNR&BLCH GL 3-','2291CMT',54.10,8,'IMPERIAL','2787469'),('2016-07-15','2630170-001','U','38OZ LMN DAWN DISH DET 8-','38LMDAWN',39.15,2,'IMPERIAL','2787469'),('2016-07-15','2630170-001','U','4064 2PLY BATH TISS 96/500 (G)','4064',36.00,15,'IMPERIAL','2787469'),('2016-07-13','2630197-000','U','4064 2PLY BATH TISS 96/500 (G)','4064',36.00,15,'IMPERIAL','2782434'),('2016-07-13','2630197-000','U','2PLY NORTH RIVER TOWEL','G4073A1',24.81,25,'IMPERIAL','2782434'),('2016-07-13','2630197-000','U','FACIAL TISSUE 30BX/100','100FCL',17.40,30,'IMPERIAL','2782434'),('2016-07-13','2630197-000','U','48500 BW BLEACHED MULTIFOLD','BW485',26.75,50,'IMPERIAL','2782434'),('2016-07-13','2630197-000','U','24X33 6 MIC NATURAL LINER','R2433N6',14.90,10,'IMPERIAL','2782434'),('2016-07-13','2630197-000','U','40X48 45GAL NATURAL LINER','R4048N16',23.65,15,'IMPERIAL','2782434'),('2016-07-13','2630197-000','U','22X16X58 CLEAR 100/CS','SDI221658',37.07,15,'IMPERIAL','2782434'),('2016-07-13','2630197-000','U','2291 COMET CON CLNR&BLCH GL 3-','2291CMT',54.10,2,'IMPERIAL','2782434'),('2016-07-13','2630197-000','U','1GAL STYLE ANTIBACTERIAL SOAP','1LIQDIAL',47.80,6,'IMPERIAL','2782434'),('2016-07-13','2630197-000','U','SWELL STAINLESS STEEL POLISH','S3336006',31.87,2,'IMPERIAL','2782434'),('2016-07-13','2630197-000','U','CAREFREE GLOVES MEDIUM VINYL','64V3000PFM',22.20,8,'IMPERIAL','2782434'),('2016-07-13','2630197-000','U','SWIFFER DUSTERS REFILL 60-','PGC-41767',55.20,6,'IMPERIAL','2782434'),('2016-07-13','2630197-000','U','PALMLIVE AUTO DISHWSHNG GEL','.CPC42706',34.20,4,'IMPERIAL','2782434'),('2016-07-13','2630197-000','U','38OZ LMN DAWN DISH DET 8-','38LMDAWN',39.15,2,'IMPERIAL','2782434'),('2016-07-13','2630197-000','U','100431 PRO TEAM PAPER FILTER','100431',12.90,20,'IMPERIAL','2782434'),('2016-07-13','2630197-000','U','\"MM\" VAC FILTER BAGS 3/PK','153MMVAC',3.10,15,'IMPERIAL','2782434'),('2016-07-13','2630197-000','U','GALLON BLEACH','GLBLEACH',10.60,1,'IMPERIAL','2782434'),('2016-07-13','2630197-000','U','1GAL CLEAN BY PEROXY','0035',62.35,3,'IMPERIAL','2782434'),('2016-07-08','2599852-000','U','PROTEAM SUPR QTR VACUUM HEPA 1','OC107118',360.78,2,'IMPERIAL','2771127'),('2016-07-14','2630170-000','L','FACIAL TISSUE 30BX/100','100FCL',17.40,6,'IMPERIAL','2785022'),('2016-07-14','2630170-000','L','24X33 6 MIC NATURAL LINER','R2433N6',14.90,8,'IMPERIAL','2785022'),('2016-07-14','2630170-000','L','40X48 45GAL NATURAL LINER','R4048N16',23.65,8,'IMPERIAL','2785022'),('2016-07-14','2630170-000','L','22X16X58 CLEAR 100/CS','SDI221658',37.07,15,'IMPERIAL','2785022'),('2016-07-14','2630170-000','L','DEB AZURE FOAM SOAP 6/CS.','AZU1L',38.35,6,'IMPERIAL','2785022'),('2016-07-14','2630170-000','L','1GAL CLEAN BY PEROXY','0035',62.35,3,'IMPERIAL','2785022'),('2016-07-14','2630170-000','L','GALLON BLEACH','GLBLEACH',10.60,3,'IMPERIAL','2785022'),('2016-07-14','2630170-000','L','MURPHY OIL SOAP 4/1 GAL','4MURPHY',64.50,3,'IMPERIAL','2785022'),('2016-07-14','2630170-000','L','2291 COMET CON CLNR&BLCH GL 3-','2291CMT',54.10,6,'IMPERIAL','2785022'),('2016-07-14','2630170-000','L','\"MM\" VAC FILTER BAGS 3/PK','153MMVAC',3.10,20,'IMPERIAL','2785022'),('2016-07-14','2630170-000','L','214874 MR.CLEAN MAGIC ERASER','214874',26.65,10,'IMPERIAL','2785022'),('2016-07-14','2630170-000','L','SCRUB / SPONGE 6.6X3.25 20-','PAD174',15.15,1,'IMPERIAL','2785022'),('2016-07-14','2630170-000','L','2 PLY FULL SIZE JUMBO TISSUE','APM-700',21.15,12,'IMPERIAL','2785022'),('2016-06-17','2544796-002','U','32OZ LAVENDER WINDOW CLNR 12-','PL9301-32',59.60,4,'IMPERIAL','2734155'),('2016-06-07','2544796-001','U','CLEANER EXPO DRYERASE 22OZ BTL','USSAN1752229',9.95,24,'IMPERIAL','2713322'),('2016-06-07','2556326-000','U','SOL-VEX SM NITRILE GLOVES PR-','ANS37185-7',9.95,3,'IMPERIAL','2710194'),('2016-06-07','2556326-000','U','SOL-VEX MD NITRILE GLOVES PR-','ANS37185-8',10.10,3,'IMPERIAL','2710194'),('2016-04-21','2456969-001','U','CLEANER EXPO DRYERASE 22OZ BTL','USSAN1752229',9.95,24,'IMPERIAL','2626651'),('2016-04-18','2438611-003','U','32OZ LAVENDER WINDOW CLNR 12-','PL9301-32',59.60,5,'IMPERIAL','2618045'),('2016-04-15','2438611-002','U','3028 RTU LIQ WOOD POLISH','32WDPLSH',53.56,5,'IMPERIAL','2615492'),('2016-04-14','2456969-000','U','SWELL STAINLESS STEEL POLISH','S3336006',31.87,2,'IMPERIAL','2613231'),('2016-04-14','2456969-000','U','M253 DUST MOP FRAME','SN524',3.64,3,'IMPERIAL','2613231'),('2016-04-07','2438611-001','U','SWIFFER DUSTERS REFILL 60-','PGC-41767',55.20,6,'IMPERIAL','2602471'),('2016-04-05','2438611-000','U','4064 2PLY BATH TISS 96/500 (G)','4064',36.00,25,'IMPERIAL','2597602'),('2017-04-05','2438611-000','U','FACIAL TISSUE 30BX/100','100FCL',17.40,25,'IMPERIAL','2597602'),('2017-04-05','2438611-000','U','48500 BW BLEACHED MULTIFOLD','BW485',26.15,40,'IMPERIAL','2597602'),('2017-04-05','2438611-000','U','22X16X58 CLEAR 100/CS','SDI221658',36.01,15,'IMPERIAL','2597602'),('2017-04-05','2438611-000','U','24X33 6 MIC NATURAL LINER','R2433N6',14.90,10,'IMPERIAL','2597602'),('2017-04-05','2438611-000','U','40X48 16 MIC NATURAL LINER','R4048N16',23.65,10,'IMPERIAL','2597602'),('2017-04-05','2438611-000','U','2291 COMET CON CLNR&BLCH GL 3-','2291CMT',54.10,8,'IMPERIAL','2597602'),('2017-04-05','2438611-000','U','1GAL CLEAN BY PEROXY','0035',62.35,5,'IMPERIAL','2597602'),('2017-04-05','2438611-000','U','CAREFREE MEDIUM VINYL POWDER','64V3000PFM',22.20,6,'IMPERIAL','2597602'),('2017-04-05','2438611-000','U','84925904 MR CLEAN ERASER 24-','ERASER',26.30,6,'IMPERIAL','2597602'),('2017-04-05','2438611-000','U','1GAL STYLE ANTIBACTERIAL SOAP','1LIQDIAL',47.80,3,'IMPERIAL','2597602'),('2017-04-05','2438611-000','U','SCRUB / SPONGE 6.6X3.25 20-','PAD174',15.15,3,'IMPERIAL','2597602'),('2017-04-05','2438611-000','U','\"MM\" VAC FILTER BAGS 3/PK','153MMVAC',3.10,20,'IMPERIAL','2597602'),('2017-04-05','2438611-000','U','100431 PRO TEAM PAPER FILTER','100431',12.90,15,'IMPERIAL','2597602'),('2017-04-05','2438611-000','U','GALLON BLEACH 6/1 5.25%','GLBLEACH',10.60,2,'IMPERIAL','2597602'),('2017-04-05','2438611-000','U','MURPHY OIL SOAP 4/1 GAL','4MURPHY',64.50,3,'IMPERIAL','2597602'),('2017-04-05','2438611-000','U','BLUE MOP LARGE LOOP END','97157B',6.65,12,'IMPERIAL','2597602'),('2017-04-05','2438611-000','U','9113 DUST MOP FRAME ONLY','24DUSFRM',4.18,3,'IMPERIAL','2597602'),('2017-04-06','3174288-001','U','PALMOLIVE AUTO GEL DISHWASH','.CPC42706',34.20,4,'IMPERIAL','3309196'),('2017-04-06','3174288-001','U','MICROFIBR CLTH 4GLASS BLU 12-','Q630BLU',58.90,6,'IMPERIAL','3309196'),('2017-04-06','3174288-001','U','REFILL DUSTERS, LIGHT BLUE','21459',37.60,10,'IMPERIAL','3309196'),('2017-06-19','3335722-001','U','REFILL DUSTERS, LIGHT BLUE','21459',34.40,12,'IMPERIAL','3460723'),('2017-06-19','3335722-001','U','COMET ALL PURP CLEANER','2291CMT',52.30,1,'IMPERIAL','3460723'),('2017-06-15','3335722-000','U','A-1 A1 BLEACH GAL 5-1/4%','GLBLEACH',9.95,1,'IMPERIAL','3454572'),('2017-06-15','3335722-000','U','24X33 6 MIC NATURAL LINER','R2433N6',15.35,5,'IMPERIAL','3454572'),('2017-06-15','3335722-000','U','40X48 45GAL NATURAL LINER','R4048N16',23.80,12,'IMPERIAL','3454572'),('2017-06-15','3335722-000','U','CLEAN BY PEROXY ALL PURP','0035',55.40,3,'IMPERIAL','3454572'),('2017-06-15','3335722-000','U','STYLE HAND SOAP LIQ GAL','1LIQDIAL',45.95,3,'IMPERIAL','3454572'),('2017-06-15','3335722-000','U','CAREFREE BLEACHED MULTIFOLD','101759',17.70,25,'IMPERIAL','3454572'),('2017-06-15','3335722-000','U','FACIAL TISSUE 100/BX','FACIAL TISSUE 100/BX',12.35,22,'IMPERIAL','3454572'),('2017-06-15','3335722-000','U','MM BAG FILTER','153MMVAC',3.60,23,'IMPERIAL','3454572'),('2017-06-15','3335722-000','U','COMET ALL PURP CLEANER','2291CMT',52.30,5,'IMPERIAL','3454572'),('2017-06-15','3335722-000','U','TOILET TISSUE 2PLY 96/500','500TT',33.15,17,'IMPERIAL','3454572'),('2017-06-15','3335722-000','U','CAREFREE GLOVE VINYL MED','64V3000PFM',21.35,3,'IMPERIAL','3454572'),('2017-06-15','3335722-000','U','CASCADES PRO TOWEL 2PLY','G4073A1',25.55,8,'IMPERIAL','3454572');
/*!40000 ALTER TABLE `hk_inventory` ENABLE KEYS */;
UNLOCK TABLES;

--
-- Table structure for table `main_inventory`
--

DROP TABLE IF EXISTS `main_inventory`;
/*!40101 SET @saved_cs_client     = @@character_set_client */;
/*!40101 SET character_set_client = utf8 */;
CREATE TABLE `main_inventory` (
  `orderdate` date DEFAULT NULL,
  `ordernumber` varchar(100) DEFAULT NULL,
  `location` varchar(1) DEFAULT NULL,
  `item` varchar(100) DEFAULT NULL,
  `itemnumber` varchar(100) DEFAULT NULL,
  `price` decimal(8,2) DEFAULT NULL,
  `quantity` int(11) DEFAULT NULL,
  `supplier` varchar(100) DEFAULT NULL,
  `invoice` varchar(100) DEFAULT NULL
) ENGINE=InnoDB DEFAULT CHARSET=latin1;
/*!40101 SET character_set_client = @saved_cs_client */;

--
-- Dumping data for table `main_inventory`
--

LOCK TABLES `main_inventory` WRITE;
/*!40000 ALTER TABLE `main_inventory` DISABLE KEYS */;
INSERT INTO `main_inventory` VALUES ('2017-01-24','SD01241766880','U','XP HEAVY DUTY DOOR CLOSER W/PARALLEL ARM BRACKET','4040XP-RW/PA',190.00,9,'QUALIFIED HARDWARE','AMEX-GROSSI'),('2017-01-19','1281575490','L','STD CAP PLEATED FILTER,20X24X2,MERV7','5W515',2.89,36,'GRAINGER','9334558112'),('2017-01-19','1281575490','L','STD CAP PLEATED FILTER,20X25X4,MERV7','2W237',5.68,12,'GRAINGER','9334558112'),('2017-01-19','1281575490','L','STD CAP PLEATED FILTER,20X24X4,MERV7','5C437',9.43,18,'GRAINGER','9334558112'),('2017-01-19','1281575490','L','STD CAP PLEATED FILTER,16X20X2,MERV7','2W230',2.25,24,'GRAINGER','9334558112'),('2017-01-19','1281575490','L','STD CAP PLEATED FILTER,16X25X1,MERV7','5W510',2.42,36,'GRAINGER','9334558112'),('2017-01-19','1281623059','U','STD CAP PLEATED FILTER,16X25X1,MERV7','5W510',2.42,60,'GRAINGER','9335310273'),('2017-01-19','1281623059','U','STD CAP PLEATED FILTER,12X24X1,MERV7','4E437',3.38,24,'GRAINGER','9335310273'),('2017-01-19','1281623059','U','ANTIMICROBIAL PLEAT FILTER,24X24X1,MER','2EKD8',7.86,12,'GRAINGER','9335310273'),('2017-01-19','1281623059','U','STD CAP PLEATED FILTER,14X20X2,MERV7','6C515',4.10,36,'GRAINGER','9335310273'),('2017-01-19','1281623059','U','STD CAP PLEATED FILTER,12X24X2,MERV7','2W234',2.30,48,'GRAINGER','9335310273'),('2017-01-19','1281623059','U','STD CAP PLEATED FILTER,20X24X2,MERV7','5W515',2.89,36,'GRAINGER','9335310273'),('2017-02-02','WEB1249488170','L','6FT 300LB FIBERGLASS LADDER','1CMP7',70.70,2,'GRAINGER','0855161147'),('2017-02-02','WEB1249488170','L','8FT 300LB FIBERGLASS LADDER','1CMP8',95.22,1,'GRAINGER','0855161147'),('2017-02-02','WEB1249488577','U','RETURN AIR GRILL,8X16,WHITE','4MJR3',8.48,2,'GRAINGER','0855161147'),('2017-01-24','539620-000','U','G4 G5 F4FR COVERPLATE 135 WHITE','650-200-00180',8.26,6,'LONG ISLAND PIPE SUPPLY','AMEX-GROSSI'),('2017-02-07','S3156722.001','U','SATCO S9446 15PAR38 LED 15W','S9446',12.40,20,'REVCO','TENNIS CENTER 2'),('2017-02-07','S3156717.001','U','SATCO S9446 15PAR38 LED 15W','S9446',12.40,20,'REVCO','TENNIS CENTER'),('2017-03-01','5020361-00 ','Q','SATCO 15W PAR38 60 DEG FLOOD ','S9450',14.00,1,'AC ELECTIRC','QUOTE'),('2017-03-01','5020361-00 ','Q','7MR16/LED/DIM/FL/30','WEST 03491',5.30,1,'AC ELECTIRC','QUOTE'),('2017-03-01','5020361-00 ','Q','24W BIAX','SYL FT24DL830',6.95,1,'AC ELECTIRC','QUOTE'),('2017-03-01','5020361-00 ','Q','T3 LOVOLT 20W HOCKEY PUCK REPL LAMP','ANG 04436',0.95,1,'AC ELECTIRC','QUOTE'),('2017-03-01','S3165044','Q','SATCO 15PAR38 LED 15W','S9446',15.65,1,'REVCO','QUOTE'),('2017-03-01','S3165044','Q','GRN-CRTV 6MR16DIM/830FL35','57985',10.55,1,'REVCO','QUOTE'),('2017-03-01','S3165044','Q','EIKO DT24/30/RS 24W 3000K','49288',7.24,1,'REVCO','QUOTE'),('2017-03-01','S3165044','Q','EIKO JC12V20W 20W 12V T-3','03510',1.96,1,'REVCO','QUOTE'),('2017-03-01','S3165044.001','U','SATCO S9446 15PAR38 LED 15W','S9446',12.40,36,'REVCO','BUILIDING 2'),('2017-03-08','1285531144','U','STD CAP PLEATED FILTER 16X25X1 MERV7','5W510',2.42,48,'GRAINGER','9380591918');
/*!40000 ALTER TABLE `main_inventory` ENABLE KEYS */;
UNLOCK TABLES;

--
-- Table structure for table `suppliers`
--

DROP TABLE IF EXISTS `suppliers`;
/*!40101 SET @saved_cs_client     = @@character_set_client */;
/*!40101 SET character_set_client = utf8 */;
CREATE TABLE `suppliers` (
  `supplier` varchar(100) DEFAULT NULL,
  `accountnumber` varchar(100) DEFAULT NULL,
  `contact` varchar(100) DEFAULT NULL,
  `phone` varchar(15) DEFAULT NULL,
  `email` varchar(100) DEFAULT NULL,
  `website` varchar(100) DEFAULT NULL,
  `comments` varchar(500) DEFAULT NULL
) ENGINE=InnoDB DEFAULT CHARSET=latin1;
/*!40101 SET character_set_client = @saved_cs_client */;

--
-- Dumping data for table `suppliers`
--

LOCK TABLES `suppliers` WRITE;
/*!40000 ALTER TABLE `suppliers` DISABLE KEYS */;
INSERT INTO `suppliers` VALUES ('GRAINGER','0855161147','NONE','1-800-472-4643','customer_feedback@grainger.com','www.grainger.com',NULL),('LONG ISLAND PIPE SUPPLY','NONE','MALORY JAHRMARKT','1(516)222-8008','mjahrmarkt@lipipe.com','www.lipipe.com','sprinkler pipe covers'),('QUALIFIED HARDWARE','EMAIL:ADORAZIO@ROSS PW:11937','NONE','1-866-749-7661','info@qualifiedhardware.com','www.qualifiedhardware.com',NULL),('WALK-IN COOLER PARTS','NONE','NONE','1-866-261-2797','webparts@walkincoolerparts.com','walkincoolerparts.com',NULL),('AC ELECTRIC','NONE','KEITH NORWOOD','(631)259-8030','KEITH@AC-ELECT.COM','WWW.ACELECTRICALSUPPLY.COM',NULL),('REVCO ','NONE','KEN TERANDO','(631)329-4600','KENT@REVCOELECTRIC.COM','WWW.REVCOELECTRIC.COM',NULL),('LI CAULIFLOWER ASSOCIATION','NONE','NONE','(631)727-2212','NONE','HTTP://WWW.LICASSOC.COM/',NULL),('ADE SYSTEMS','NONE','NONE','(516)568-6500','NONE','NONE','SUPPLIER FOR MOTORS FOR MAGNATEK JE2H054N NEW MOTOR IS 304843');
/*!40000 ALTER TABLE `suppliers` ENABLE KEYS */;
UNLOCK TABLES;
/*!40103 SET TIME_ZONE=@OLD_TIME_ZONE */;

/*!40101 SET SQL_MODE=@OLD_SQL_MODE */;
/*!40014 SET FOREIGN_KEY_CHECKS=@OLD_FOREIGN_KEY_CHECKS */;
/*!40014 SET UNIQUE_CHECKS=@OLD_UNIQUE_CHECKS */;
/*!40101 SET CHARACTER_SET_CLIENT=@OLD_CHARACTER_SET_CLIENT */;
/*!40101 SET CHARACTER_SET_RESULTS=@OLD_CHARACTER_SET_RESULTS */;
/*!40101 SET COLLATION_CONNECTION=@OLD_COLLATION_CONNECTION */;
/*!40111 SET SQL_NOTES=@OLD_SQL_NOTES */;

-- Dump completed on 2017-06-27 10:05:01
